E1,Ec1,,,2,ACCGAA,,,,,,,,
E2,Ec2,,,6,AGCTTG,,,,,,,,
E3,Ec3,,,10,ATCACT,, 1 -6,ACCGAA,AGCTTG,ATCACT,CAGTCC,CGCATA,CTCCGC
E4,Ec4,,,14,CAGTCC,, 7 - 12,GACAGT,GCGAAT,TAGCGT,TGAGCG,AGATAA,ATAGAG
E4e,Ec4,,,18,CGCATA,, 13- 18,CACGCC,CGAATC,CTATGC,GAATGA,GCCTTA,TACATC
E5,Ee1,,,22,CTCCGC,, 19- 24,TCGCAG,TGTAGA,ACAGGC,ACGCTA,GAGTGG,AGGACA
E6,Ee2,,,26,GACAGT,,,,,,,,
E7,Ee3,,,30,GCGAAT,,,,,,,,
E8,Ee4,,,34,TAGCGT,,,,,,,,
E9,Ee1,,,38,TGAGCG,,,,,,,,
E10,Ee2,,,5,AGATAA,,,,,,,,
E1A,Ee1,,,9,ATAGAG,,,,,,,,
E2A,Ee2,,,13,CACGCC,,,,,,,,
E3A,Ee3,,,17,CGAATC,,,,,,,,
E4A,Ee4,,,21,CTATGC,,,,,,,,
E1B,Ee1,,,25,GAATGA,,,,,,,,
E2B,Ee2,,,29,GCCTTA,,,,,,,,
E3B,Ee3,,,33,TACATC,,,,,,,,
E4B,Ee4,,,37,TCGCAG,,,,,,,,
Gt0,Gt0,,,41,TGTAGA,,,,,,,,
S_HP1,S_HP1,,,1,ACAGGC,,,,,,,,
S_Morc2a,S_Morc2a,,,3,ACGCTA,,,,,,,,
S_Mpp8_p2,S_Mpp8_p2,,,27,GAGTGG,,,,,,,,
S_Mpp8_p5,S_Mpp8_p5,,,7,AGGACA,,,,,,,,